select a.first_name, a.last_name, a.slp_instructor_first_name, a.slp_instructor_last_name, b.first_name, b.last_name, b.slp_instructor_first_name, b.slp_instructor_last_name 
    -> from student a join student b
    -> on a.email <  b.email where a.slp_instructor_last_name = b.slp_instructor_last_name and a.slp_instructor_first_name = b.slp_instructor_first_name; 
+------------+-----------+---------------------------+--------------------------+------------+-----------+---------------------------+--------------------------+
| first_name | last_name | slp_instructor_first_name | slp_instructor_last_name | first_name | last_name | slp_instructor_first_name | slp_instructor_last_name |
+------------+-----------+---------------------------+--------------------------+------------+-----------+---------------------------+--------------------------+
| Alice      | Albert    | Sam                       | Studybuddy               | Irving     | Icehouse  | Sam                       | Studybuddy               |
+------------+-----------+---------------------------+--------------------------+------------+-----------+---------------------------+--------------------------+
1 row in set (0.00 sec)

mysql> select distinct a.first_name, a.last_name, a.slp_instructor_first_name, a.slp_instructor_last_name, b.first_name, b.last_name, b.slp_instructor_first_name, b.slp_instructor_last_name from student a join student b on a.first_name <  b.first_name where a.slp_instructor_last_name = b.slp_instructor_last_name;
+------------+-----------+---------------------------+--------------------------+------------+-----------+---------------------------+--------------------------+
| first_name | last_name | slp_instructor_first_name | slp_instructor_last_name | first_name | last_name | slp_instructor_first_name | slp_instructor_last_name |
+------------+-----------+---------------------------+--------------------------+------------+-----------+---------------------------+--------------------------+
| Charlie    | Cadillac  | Tery                      | Tutor                    | Gary       | Gatehouse | Terry                     | Tutor                    |
| Alice      | Albert    | Sam                       | Studybuddy               | Irving     | Icehouse  | Sam                       | Studybuddy               |
+------------+-----------+---------------------------+--------------------------+------------+-----------+---------------------------+--------------------------+
2 rows in set (0.00 sec)
