mysql> select first_name = 'Jason' and last_name = 'Todd' from visit;
+---------------------------------------------+
| first_name = 'Jason' and last_name = 'Todd' |
+---------------------------------------------+
|                                           0 |
|                                           0 |
|                                           0 |
|                                           0 |
|                                           0 |
|                                           0 |
|                                           0 |
|                                           0 |
|                                           0 |
|                                           0 |
|                                           0 |
|                                           0 |
|                                           0 |
|                                           0 |
|                                           1 |
|                                           0 |
+---------------------------------------------+
16 rows in set (0.00 sec)

mysql> delete from visit where first_name = 'Jason' and last_name = 'Todd';
Query OK, 1 row affected (0.04 sec)

mysql> select first_name = 'Jason' and last_name = 'Todd' from visit;
+---------------------------------------------+
| first_name = 'Jason' and last_name = 'Todd' |
+---------------------------------------------+
|                                           0 |
|                                           0 |
|                                           0 |
|                                           0 |
|                                           0 |
|                                           0 |
|                                           0 |
|                                           0 |
|                                           0 |
|                                           0 |
|                                           0 |
|                                           0 |
|                                           0 |
|                                           0 |
|                                           0 |
+---------------------------------------------+
15 rows in set (0.01 sec)

mysql> select first_name = 'Tim' and last_name = 'Drake' from visit;
+--------------------------------------------+
| first_name = 'Tim' and last_name = 'Drake' |
+--------------------------------------------+
|                                          0 |
|                                          0 |
|                                          0 |
|                                          0 |
|                                          0 |
|                                          0 |
|                                          0 |
|                                          0 |
|                                          0 |
|                                          0 |
|                                          0 |
|                                          0 |
|                                          0 |
|                                          0 |
|                                          1 |
+--------------------------------------------+
15 rows in set (0.00 sec)

mysql> delete from visit where first_name = 'Tim' and last_name = 'Drake';
Query OK, 1 row affected (0.06 sec)

mysql> select first_name = 'Tim' and last_name = 'Drake' from visit;
+--------------------------------------------+
| first_name = 'Tim' and last_name = 'Drake' |
+--------------------------------------------+
|                                          0 |
|                                          0 |
|                                          0 |
|                                          0 |
|                                          0 |
|                                          0 |
|                                          0 |
|                                          0 |
|                                          0 |
|                                          0 |
|                                          0 |
|                                          0 |
|                                          0 |
|                                          0 |
+--------------------------------------------+
14 rows in set (0.00 sec)

mysql> notee
